<annotation>
	<folder>my-project-name</folder>
	<filename>img_siijgzgmcd_train_apple.jpg</filename>
	<path>/my-project-name/img_siijgzgmcd_train_apple.jpg</path>
	<source>
		<database>Unspecified</database>
	</source>
	<size>
		<width>1024</width>
		<height>682</height>
		<depth>3</depth>
	</size>
	<object>
		<name>apple</name>
		<pose>Unspecified</pose>
		<truncated>0</truncated>
		<difficult>0</difficult>
		<bndbox>
			<xmin>380</xmin>
			<ymin>128</ymin>
			<xmax>920</xmax>
			<ymax>618</ymax>
		</bndbox>
	</object>
</annotation>