<annotation>
	<folder>my-project-name</folder>
	<filename>img_fqogzvpxxu_train_apple.jpg</filename>
	<path>/my-project-name/img_fqogzvpxxu_train_apple.jpg</path>
	<source>
		<database>Unspecified</database>
	</source>
	<size>
		<width>960</width>
		<height>640</height>
		<depth>3</depth>
	</size>
	<object>
		<name>apple</name>
		<pose>Unspecified</pose>
		<truncated>0</truncated>
		<difficult>0</difficult>
		<bndbox>
			<xmin>417</xmin>
			<ymin>51</ymin>
			<xmax>758</xmax>
			<ymax>360</ymax>
		</bndbox>
	</object>
	<object>
		<name>apple</name>
		<pose>Unspecified</pose>
		<truncated>0</truncated>
		<difficult>0</difficult>
		<bndbox>
			<xmin>526</xmin>
			<ymin>280</ymin>
			<xmax>896</xmax>
			<ymax>600</ymax>
		</bndbox>
	</object>
	<object>
		<name>apple</name>
		<pose>Unspecified</pose>
		<truncated>0</truncated>
		<difficult>0</difficult>
		<bndbox>
			<xmin>254</xmin>
			<ymin>362</ymin>
			<xmax>555</xmax>
			<ymax>640</ymax>
		</bndbox>
	</object>
</annotation>