<annotation>
	<folder>my-project-name</folder>
	<filename>img_cnxppmdhlh_train_apple.jpg</filename>
	<path>/my-project-name/img_cnxppmdhlh_train_apple.jpg</path>
	<source>
		<database>Unspecified</database>
	</source>
	<size>
		<width>1500</width>
		<height>1000</height>
		<depth>3</depth>
	</size>
	<object>
		<name>apple</name>
		<pose>Unspecified</pose>
		<truncated>0</truncated>
		<difficult>0</difficult>
		<bndbox>
			<xmin>453</xmin>
			<ymin>32</ymin>
			<xmax>794</xmax>
			<ymax>395</ymax>
		</bndbox>
	</object>
	<object>
		<name>apple</name>
		<pose>Unspecified</pose>
		<truncated>0</truncated>
		<difficult>0</difficult>
		<bndbox>
			<xmin>109</xmin>
			<ymin>295</ymin>
			<xmax>445</xmax>
			<ymax>675</ymax>
		</bndbox>
	</object>
	<object>
		<name>apple</name>
		<pose>Unspecified</pose>
		<truncated>0</truncated>
		<difficult>0</difficult>
		<bndbox>
			<xmin>590</xmin>
			<ymin>453</ymin>
			<xmax>902</xmax>
			<ymax>804</ymax>
		</bndbox>
	</object>
	<object>
		<name>apple</name>
		<pose>Unspecified</pose>
		<truncated>0</truncated>
		<difficult>0</difficult>
		<bndbox>
			<xmin>862</xmin>
			<ymin>683</ymin>
			<xmax>1197</xmax>
			<ymax>1000</ymax>
		</bndbox>
	</object>
	<object>
		<name>apple</name>
		<pose>Unspecified</pose>
		<truncated>0</truncated>
		<difficult>0</difficult>
		<bndbox>
			<xmin>876</xmin>
			<ymin>208</ymin>
			<xmax>1209</xmax>
			<ymax>593</ymax>
		</bndbox>
	</object>
	<object>
		<name>apple</name>
		<pose>Unspecified</pose>
		<truncated>0</truncated>
		<difficult>0</difficult>
		<bndbox>
			<xmin>1265</xmin>
			<ymin>236</ymin>
			<xmax>1500</xmax>
			<ymax>659</ymax>
		</bndbox>
	</object>
	<object>
		<name>apple</name>
		<pose>Unspecified</pose>
		<truncated>0</truncated>
		<difficult>0</difficult>
		<bndbox>
			<xmin>820</xmin>
			<ymin>0</ymin>
			<xmax>1229</xmax>
			<ymax>166</ymax>
		</bndbox>
	</object>
	<object>
		<name>apple</name>
		<pose>Unspecified</pose>
		<truncated>0</truncated>
		<difficult>0</difficult>
		<bndbox>
			<xmin>536</xmin>
			<ymin>723</ymin>
			<xmax>886</xmax>
			<ymax>1000</ymax>
		</bndbox>
	</object>
</annotation>