<annotation>
	<folder>my-project-name</folder>
	<filename>img_frogkpautq_train_orange.jpg</filename>
	<path>/my-project-name/img_frogkpautq_train_orange.jpg</path>
	<source>
		<database>Unspecified</database>
	</source>
	<size>
		<width>1024</width>
		<height>768</height>
		<depth>3</depth>
	</size>
	<object>
		<name>orange</name>
		<pose>Unspecified</pose>
		<truncated>0</truncated>
		<difficult>0</difficult>
		<bndbox>
			<xmin>0</xmin>
			<ymin>337</ymin>
			<xmax>428</xmax>
			<ymax>766</ymax>
		</bndbox>
	</object>
	<object>
		<name>orange</name>
		<pose>Unspecified</pose>
		<truncated>0</truncated>
		<difficult>0</difficult>
		<bndbox>
			<xmin>71</xmin>
			<ymin>0</ymin>
			<xmax>647</xmax>
			<ymax>350</ymax>
		</bndbox>
	</object>
</annotation>