<annotation>
	<folder>my-project-name</folder>
	<filename>img_niqrsxdeoo_train_apple.jpg</filename>
	<path>/my-project-name/img_niqrsxdeoo_train_apple.jpg</path>
	<source>
		<database>Unspecified</database>
	</source>
	<size>
		<width>473</width>
		<height>355</height>
		<depth>3</depth>
	</size>
	<object>
		<name>apple</name>
		<pose>Unspecified</pose>
		<truncated>0</truncated>
		<difficult>0</difficult>
		<bndbox>
			<xmin>124</xmin>
			<ymin>36</ymin>
			<xmax>341</xmax>
			<ymax>289</ymax>
		</bndbox>
	</object>
	<object>
		<name>apple</name>
		<pose>Unspecified</pose>
		<truncated>0</truncated>
		<difficult>0</difficult>
		<bndbox>
			<xmin>241</xmin>
			<ymin>6</ymin>
			<xmax>463</xmax>
			<ymax>293</ymax>
		</bndbox>
	</object>
	<object>
		<name>apple</name>
		<pose>Unspecified</pose>
		<truncated>0</truncated>
		<difficult>0</difficult>
		<bndbox>
			<xmin>5</xmin>
			<ymin>35</ymin>
			<xmax>205</xmax>
			<ymax>304</ymax>
		</bndbox>
	</object>
</annotation>