<annotation>
	<folder>my-project-name</folder>
	<filename>img_emropsgtja_train_apple.jpg</filename>
	<path>/my-project-name/img_emropsgtja_train_apple.jpg</path>
	<source>
		<database>Unspecified</database>
	</source>
	<size>
		<width>460</width>
		<height>460</height>
		<depth>3</depth>
	</size>
	<object>
		<name>apple</name>
		<pose>Unspecified</pose>
		<truncated>0</truncated>
		<difficult>0</difficult>
		<bndbox>
			<xmin>25</xmin>
			<ymin>7</ymin>
			<xmax>428</xmax>
			<ymax>443</ymax>
		</bndbox>
	</object>
</annotation>