<annotation>
	<folder>my-project-name</folder>
	<filename>img_sprmnfdcxy_train_apple.jpg</filename>
	<path>/my-project-name/img_sprmnfdcxy_train_apple.jpg</path>
	<source>
		<database>Unspecified</database>
	</source>
	<size>
		<width>1024</width>
		<height>680</height>
		<depth>3</depth>
	</size>
	<object>
		<name>apple</name>
		<pose>Unspecified</pose>
		<truncated>0</truncated>
		<difficult>0</difficult>
		<bndbox>
			<xmin>488</xmin>
			<ymin>35</ymin>
			<xmax>954</xmax>
			<ymax>616</ymax>
		</bndbox>
	</object>
</annotation>