<annotation>
	<folder>my-project-name</folder>
	<filename>img_otptehpdow_train_orange.jpg</filename>
	<path>/my-project-name/img_otptehpdow_train_orange.jpg</path>
	<source>
		<database>Unspecified</database>
	</source>
	<size>
		<width>1024</width>
		<height>681</height>
		<depth>3</depth>
	</size>
	<object>
		<name>orange</name>
		<pose>Unspecified</pose>
		<truncated>0</truncated>
		<difficult>0</difficult>
		<bndbox>
			<xmin>262</xmin>
			<ymin>258</ymin>
			<xmax>664</xmax>
			<ymax>636</ymax>
		</bndbox>
	</object>
	<object>
		<name>orange</name>
		<pose>Unspecified</pose>
		<truncated>0</truncated>
		<difficult>0</difficult>
		<bndbox>
			<xmin>583</xmin>
			<ymin>291</ymin>
			<xmax>955</xmax>
			<ymax>595</ymax>
		</bndbox>
	</object>
</annotation>