<annotation>
	<folder>my-project-name</folder>
	<filename>img_lkdwhaqngh_train_orange.jpg</filename>
	<path>/my-project-name/img_lkdwhaqngh_train_orange.jpg</path>
	<source>
		<database>Unspecified</database>
	</source>
	<size>
		<width>1024</width>
		<height>897</height>
		<depth>3</depth>
	</size>
	<object>
		<name>orange</name>
		<pose>Unspecified</pose>
		<truncated>0</truncated>
		<difficult>0</difficult>
		<bndbox>
			<xmin>98</xmin>
			<ymin>423</ymin>
			<xmax>956</xmax>
			<ymax>897</ymax>
		</bndbox>
	</object>
	<object>
		<name>orange</name>
		<pose>Unspecified</pose>
		<truncated>0</truncated>
		<difficult>0</difficult>
		<bndbox>
			<xmin>711</xmin>
			<ymin>0</ymin>
			<xmax>1024</xmax>
			<ymax>469</ymax>
		</bndbox>
	</object>
</annotation>