<annotation>
	<folder>my-project-name</folder>
	<filename>img_xarmrmoqoe_train_apple.jpg</filename>
	<path>/my-project-name/img_xarmrmoqoe_train_apple.jpg</path>
	<source>
		<database>Unspecified</database>
	</source>
	<size>
		<width>1595</width>
		<height>1204</height>
		<depth>3</depth>
	</size>
	<object>
		<name>apple</name>
		<pose>Unspecified</pose>
		<truncated>0</truncated>
		<difficult>0</difficult>
		<bndbox>
			<xmin>55</xmin>
			<ymin>72</ymin>
			<xmax>802</xmax>
			<ymax>1086</ymax>
		</bndbox>
	</object>
	<object>
		<name>apple</name>
		<pose>Unspecified</pose>
		<truncated>0</truncated>
		<difficult>0</difficult>
		<bndbox>
			<xmin>728</xmin>
			<ymin>406</ymin>
			<xmax>1547</xmax>
			<ymax>1103</ymax>
		</bndbox>
	</object>
	<object>
		<name>apple</name>
		<pose>Unspecified</pose>
		<truncated>0</truncated>
		<difficult>0</difficult>
		<bndbox>
			<xmin>675</xmin>
			<ymin>26</ymin>
			<xmax>1533</xmax>
			<ymax>608</ymax>
		</bndbox>
	</object>
</annotation>