<annotation>
	<folder>my-project-name</folder>
	<filename>img_cmsoxtzfeq_train_orange.jpg</filename>
	<path>/my-project-name/img_cmsoxtzfeq_train_orange.jpg</path>
	<source>
		<database>Unspecified</database>
	</source>
	<size>
		<width>1024</width>
		<height>682</height>
		<depth>3</depth>
	</size>
	<object>
		<name>orange</name>
		<pose>Unspecified</pose>
		<truncated>0</truncated>
		<difficult>0</difficult>
		<bndbox>
			<xmin>187</xmin>
			<ymin>158</ymin>
			<xmax>598</xmax>
			<ymax>525</ymax>
		</bndbox>
	</object>
	<object>
		<name>orange</name>
		<pose>Unspecified</pose>
		<truncated>0</truncated>
		<difficult>0</difficult>
		<bndbox>
			<xmin>757</xmin>
			<ymin>128</ymin>
			<xmax>1024</xmax>
			<ymax>415</ymax>
		</bndbox>
	</object>
</annotation>