<annotation>
	<folder>my-project-name</folder>
	<filename>img_iwhslsnjdz_train_apple.jpg</filename>
	<path>/my-project-name/img_iwhslsnjdz_train_apple.jpg</path>
	<source>
		<database>Unspecified</database>
	</source>
	<size>
		<width>962</width>
		<height>1000</height>
		<depth>3</depth>
	</size>
	<object>
		<name>apple</name>
		<pose>Unspecified</pose>
		<truncated>0</truncated>
		<difficult>0</difficult>
		<bndbox>
			<xmin>106</xmin>
			<ymin>16</ymin>
			<xmax>858</xmax>
			<ymax>882</ymax>
		</bndbox>
	</object>
</annotation>