<annotation>
	<folder>my-project-name</folder>
	<filename>img_lfekukbruc_train_orange.jpg</filename>
	<path>/my-project-name/img_lfekukbruc_train_orange.jpg</path>
	<source>
		<database>Unspecified</database>
	</source>
	<size>
		<width>1024</width>
		<height>640</height>
		<depth>3</depth>
	</size>
	<object>
		<name>orange</name>
		<pose>Unspecified</pose>
		<truncated>0</truncated>
		<difficult>0</difficult>
		<bndbox>
			<xmin>19</xmin>
			<ymin>33</ymin>
			<xmax>590</xmax>
			<ymax>561</ymax>
		</bndbox>
	</object>
	<object>
		<name>orange</name>
		<pose>Unspecified</pose>
		<truncated>0</truncated>
		<difficult>0</difficult>
		<bndbox>
			<xmin>442</xmin>
			<ymin>195</ymin>
			<xmax>1024</xmax>
			<ymax>618</ymax>
		</bndbox>
	</object>
	<object>
		<name>orange</name>
		<pose>Unspecified</pose>
		<truncated>0</truncated>
		<difficult>0</difficult>
		<bndbox>
			<xmin>494</xmin>
			<ymin>15</ymin>
			<xmax>1024</xmax>
			<ymax>365</ymax>
		</bndbox>
	</object>
</annotation>