<annotation>
	<folder>my-project-name</folder>
	<filename>img_wrggyzhcua_train_apple.jpg</filename>
	<path>/my-project-name/img_wrggyzhcua_train_apple.jpg</path>
	<source>
		<database>Unspecified</database>
	</source>
	<size>
		<width>1300</width>
		<height>1210</height>
		<depth>3</depth>
	</size>
	<object>
		<name>apple</name>
		<pose>Unspecified</pose>
		<truncated>0</truncated>
		<difficult>0</difficult>
		<bndbox>
			<xmin>24</xmin>
			<ymin>295</ymin>
			<xmax>797</xmax>
			<ymax>1005</ymax>
		</bndbox>
	</object>
	<object>
		<name>apple</name>
		<pose>Unspecified</pose>
		<truncated>0</truncated>
		<difficult>0</difficult>
		<bndbox>
			<xmin>423</xmin>
			<ymin>51</ymin>
			<xmax>1254</xmax>
			<ymax>874</ymax>
		</bndbox>
	</object>
</annotation>