<annotation>
	<folder>my-project-name</folder>
	<filename>img_plwpmxwqxa_train_orange.jpg</filename>
	<path>/my-project-name/img_plwpmxwqxa_train_orange.jpg</path>
	<source>
		<database>Unspecified</database>
	</source>
	<size>
		<width>1024</width>
		<height>768</height>
		<depth>3</depth>
	</size>
	<object>
		<name>orange</name>
		<pose>Unspecified</pose>
		<truncated>0</truncated>
		<difficult>0</difficult>
		<bndbox>
			<xmin>175</xmin>
			<ymin>66</ymin>
			<xmax>406</xmax>
			<ymax>254</ymax>
		</bndbox>
	</object>
	<object>
		<name>orange</name>
		<pose>Unspecified</pose>
		<truncated>0</truncated>
		<difficult>0</difficult>
		<bndbox>
			<xmin>34</xmin>
			<ymin>510</ymin>
			<xmax>271</xmax>
			<ymax>739</ymax>
		</bndbox>
	</object>
	<object>
		<name>orange</name>
		<pose>Unspecified</pose>
		<truncated>0</truncated>
		<difficult>0</difficult>
		<bndbox>
			<xmin>708</xmin>
			<ymin>489</ymin>
			<xmax>937</xmax>
			<ymax>720</ymax>
		</bndbox>
	</object>
</annotation>