<annotation>
	<folder>my-project-name</folder>
	<filename>img_jpebrcazgn_train_apple.jpg</filename>
	<path>/my-project-name/img_jpebrcazgn_train_apple.jpg</path>
	<source>
		<database>Unspecified</database>
	</source>
	<size>
		<width>1024</width>
		<height>1024</height>
		<depth>3</depth>
	</size>
	<object>
		<name>apple</name>
		<pose>Unspecified</pose>
		<truncated>0</truncated>
		<difficult>0</difficult>
		<bndbox>
			<xmin>83</xmin>
			<ymin>347</ymin>
			<xmax>406</xmax>
			<ymax>791</ymax>
		</bndbox>
	</object>
	<object>
		<name>apple</name>
		<pose>Unspecified</pose>
		<truncated>0</truncated>
		<difficult>0</difficult>
		<bndbox>
			<xmin>659</xmin>
			<ymin>413</ymin>
			<xmax>982</xmax>
			<ymax>791</ymax>
		</bndbox>
	</object>
</annotation>