<annotation>
	<folder>my-project-name</folder>
	<filename>img_yxqmlbuqmm_train_orange.jpg</filename>
	<path>/my-project-name/img_yxqmlbuqmm_train_orange.jpg</path>
	<source>
		<database>Unspecified</database>
	</source>
	<size>
		<width>1200</width>
		<height>1084</height>
		<depth>3</depth>
	</size>
	<object>
		<name>orange</name>
		<pose>Unspecified</pose>
		<truncated>0</truncated>
		<difficult>0</difficult>
		<bndbox>
			<xmin>7</xmin>
			<ymin>355</ymin>
			<xmax>615</xmax>
			<ymax>1058</ymax>
		</bndbox>
	</object>
	<object>
		<name>orange</name>
		<pose>Unspecified</pose>
		<truncated>0</truncated>
		<difficult>0</difficult>
		<bndbox>
			<xmin>407</xmin>
			<ymin>151</ymin>
			<xmax>1158</xmax>
			<ymax>969</ymax>
		</bndbox>
	</object>
	<object>
		<name>orange</name>
		<pose>Unspecified</pose>
		<truncated>0</truncated>
		<difficult>0</difficult>
		<bndbox>
			<xmin>148</xmin>
			<ymin>0</ymin>
			<xmax>881</xmax>
			<ymax>539</ymax>
		</bndbox>
	</object>
</annotation>