<annotation>
	<folder>my-project-name</folder>
	<filename>img_qiagynzutq_train_apple.jpg</filename>
	<path>/my-project-name/img_qiagynzutq_train_apple.jpg</path>
	<source>
		<database>Unspecified</database>
	</source>
	<size>
		<width>768</width>
		<height>1024</height>
		<depth>3</depth>
	</size>
	<object>
		<name>apple</name>
		<pose>Unspecified</pose>
		<truncated>0</truncated>
		<difficult>0</difficult>
		<bndbox>
			<xmin>6</xmin>
			<ymin>403</ymin>
			<xmax>768</xmax>
			<ymax>1024</ymax>
		</bndbox>
	</object>
	<object>
		<name>apple</name>
		<pose>Unspecified</pose>
		<truncated>0</truncated>
		<difficult>0</difficult>
		<bndbox>
			<xmin>163</xmin>
			<ymin>94</ymin>
			<xmax>768</xmax>
			<ymax>495</ymax>
		</bndbox>
	</object>
</annotation>