<annotation>
	<folder>my-project-name</folder>
	<filename>img_lncdxkdtqu_train_orange.jpg</filename>
	<path>/my-project-name/img_lncdxkdtqu_train_orange.jpg</path>
	<source>
		<database>Unspecified</database>
	</source>
	<size>
		<width>612</width>
		<height>593</height>
		<depth>3</depth>
	</size>
	<object>
		<name>orange</name>
		<pose>Unspecified</pose>
		<truncated>0</truncated>
		<difficult>0</difficult>
		<bndbox>
			<xmin>48</xmin>
			<ymin>127</ymin>
			<xmax>397</xmax>
			<ymax>473</ymax>
		</bndbox>
	</object>
	<object>
		<name>orange</name>
		<pose>Unspecified</pose>
		<truncated>0</truncated>
		<difficult>0</difficult>
		<bndbox>
			<xmin>178</xmin>
			<ymin>54</ymin>
			<xmax>511</xmax>
			<ymax>383</ymax>
		</bndbox>
	</object>
</annotation>