<annotation>
	<folder>my-project-name</folder>
	<filename>img_hzmsvvwrxa_train_orange.jpg</filename>
	<path>/my-project-name/img_hzmsvvwrxa_train_orange.jpg</path>
	<source>
		<database>Unspecified</database>
	</source>
	<size>
		<width>1024</width>
		<height>768</height>
		<depth>3</depth>
	</size>
	<object>
		<name>orange</name>
		<pose>Unspecified</pose>
		<truncated>0</truncated>
		<difficult>0</difficult>
		<bndbox>
			<xmin>95</xmin>
			<ymin>18</ymin>
			<xmax>742</xmax>
			<ymax>543</ymax>
		</bndbox>
	</object>
	<object>
		<name>orange</name>
		<pose>Unspecified</pose>
		<truncated>0</truncated>
		<difficult>0</difficult>
		<bndbox>
			<xmin>343</xmin>
			<ymin>385</ymin>
			<xmax>940</xmax>
			<ymax>768</ymax>
		</bndbox>
	</object>
</annotation>