<annotation>
	<folder>my-project-name</folder>
	<filename>img_yogzvkyhdc_train_apple.jpg</filename>
	<path>/my-project-name/img_yogzvkyhdc_train_apple.jpg</path>
	<source>
		<database>Unspecified</database>
	</source>
	<size>
		<width>2914</width>
		<height>3162</height>
		<depth>3</depth>
	</size>
	<object>
		<name>apple</name>
		<pose>Unspecified</pose>
		<truncated>0</truncated>
		<difficult>0</difficult>
		<bndbox>
			<xmin>334</xmin>
			<ymin>95</ymin>
			<xmax>2650</xmax>
			<ymax>2941</ymax>
		</bndbox>
	</object>
</annotation>