<annotation>
	<folder>my-project-name</folder>
	<filename>img_cxbcesfpui_train_orange.jpg</filename>
	<path>/my-project-name/img_cxbcesfpui_train_orange.jpg</path>
	<source>
		<database>Unspecified</database>
	</source>
	<size>
		<width>942</width>
		<height>1024</height>
		<depth>3</depth>
	</size>
	<object>
		<name>orange</name>
		<pose>Unspecified</pose>
		<truncated>0</truncated>
		<difficult>0</difficult>
		<bndbox>
			<xmin>5</xmin>
			<ymin>208</ymin>
			<xmax>606</xmax>
			<ymax>728</ymax>
		</bndbox>
	</object>
	<object>
		<name>orange</name>
		<pose>Unspecified</pose>
		<truncated>0</truncated>
		<difficult>0</difficult>
		<bndbox>
			<xmin>48</xmin>
			<ymin>558</ymin>
			<xmax>729</xmax>
			<ymax>1024</ymax>
		</bndbox>
	</object>
	<object>
		<name>orange</name>
		<pose>Unspecified</pose>
		<truncated>0</truncated>
		<difficult>0</difficult>
		<bndbox>
			<xmin>352</xmin>
			<ymin>78</ymin>
			<xmax>919</xmax>
			<ymax>674</ymax>
		</bndbox>
	</object>
</annotation>