<annotation>
	<folder>my-project-name</folder>
	<filename>img_ulecycslaf_train_orange.jpg</filename>
	<path>/my-project-name/img_ulecycslaf_train_orange.jpg</path>
	<source>
		<database>Unspecified</database>
	</source>
	<size>
		<width>800</width>
		<height>600</height>
		<depth>3</depth>
	</size>
	<object>
		<name>orange</name>
		<pose>Unspecified</pose>
		<truncated>0</truncated>
		<difficult>0</difficult>
		<bndbox>
			<xmin>0</xmin>
			<ymin>65</ymin>
			<xmax>799</xmax>
			<ymax>549</ymax>
		</bndbox>
	</object>
	<object>
		<name>orange</name>
		<pose>Unspecified</pose>
		<truncated>0</truncated>
		<difficult>0</difficult>
		<bndbox>
			<xmin>285</xmin>
			<ymin>20</ymin>
			<xmax>768</xmax>
			<ymax>533</ymax>
		</bndbox>
	</object>
	<object>
		<name>orange</name>
		<pose>Unspecified</pose>
		<truncated>0</truncated>
		<difficult>0</difficult>
		<bndbox>
			<xmin>12</xmin>
			<ymin>116</ymin>
			<xmax>456</xmax>
			<ymax>535</ymax>
		</bndbox>
	</object>
</annotation>