<annotation>
	<folder>my-project-name</folder>
	<filename>img_sebqbveggx_train_orange.jpg</filename>
	<path>/my-project-name/img_sebqbveggx_train_orange.jpg</path>
	<source>
		<database>Unspecified</database>
	</source>
	<size>
		<width>3160</width>
		<height>2072</height>
		<depth>3</depth>
	</size>
	<object>
		<name>orange</name>
		<pose>Unspecified</pose>
		<truncated>0</truncated>
		<difficult>0</difficult>
		<bndbox>
			<xmin>79</xmin>
			<ymin>306</ymin>
			<xmax>1754</xmax>
			<ymax>1915</ymax>
		</bndbox>
	</object>
	<object>
		<name>orange</name>
		<pose>Unspecified</pose>
		<truncated>0</truncated>
		<difficult>0</difficult>
		<bndbox>
			<xmin>1427</xmin>
			<ymin>178</ymin>
			<xmax>3114</xmax>
			<ymax>1902</ymax>
		</bndbox>
	</object>
</annotation>