<annotation>
	<folder>my-project-name</folder>
	<filename>img_xhbvxymubr_train_orange.jpg</filename>
	<path>/my-project-name/img_xhbvxymubr_train_orange.jpg</path>
	<source>
		<database>Unspecified</database>
	</source>
	<size>
		<width>650</width>
		<height>597</height>
		<depth>3</depth>
	</size>
	<object>
		<name>orange</name>
		<pose>Unspecified</pose>
		<truncated>0</truncated>
		<difficult>0</difficult>
		<bndbox>
			<xmin>46</xmin>
			<ymin>11</ymin>
			<xmax>621</xmax>
			<ymax>570</ymax>
		</bndbox>
	</object>
</annotation>