<annotation>
	<folder>my-project-name</folder>
	<filename>img_mbakzlrlji_train_orange.jpg</filename>
	<path>/my-project-name/img_mbakzlrlji_train_orange.jpg</path>
	<source>
		<database>Unspecified</database>
	</source>
	<size>
		<width>1024</width>
		<height>768</height>
		<depth>3</depth>
	</size>
	<object>
		<name>orange</name>
		<pose>Unspecified</pose>
		<truncated>0</truncated>
		<difficult>0</difficult>
		<bndbox>
			<xmin>8</xmin>
			<ymin>31</ymin>
			<xmax>622</xmax>
			<ymax>599</ymax>
		</bndbox>
	</object>
</annotation>