<annotation>
	<folder>my-project-name</folder>
	<filename>img_ivgloqdojr_train_orange.jpg</filename>
	<path>/my-project-name/img_ivgloqdojr_train_orange.jpg</path>
	<source>
		<database>Unspecified</database>
	</source>
	<size>
		<width>800</width>
		<height>600</height>
		<depth>3</depth>
	</size>
	<object>
		<name>orange</name>
		<pose>Unspecified</pose>
		<truncated>0</truncated>
		<difficult>0</difficult>
		<bndbox>
			<xmin>29</xmin>
			<ymin>107</ymin>
			<xmax>499</xmax>
			<ymax>468</ymax>
		</bndbox>
	</object>
	<object>
		<name>orange</name>
		<pose>Unspecified</pose>
		<truncated>0</truncated>
		<difficult>0</difficult>
		<bndbox>
			<xmin>92</xmin>
			<ymin>299</ymin>
			<xmax>563</xmax>
			<ymax>565</ymax>
		</bndbox>
	</object>
	<object>
		<name>orange</name>
		<pose>Unspecified</pose>
		<truncated>0</truncated>
		<difficult>0</difficult>
		<bndbox>
			<xmin>344</xmin>
			<ymin>127</ymin>
			<xmax>763</xmax>
			<ymax>553</ymax>
		</bndbox>
	</object>
</annotation>