<annotation>
	<folder>my-project-name</folder>
	<filename>img_igtnpbwier_train_orange.jpg</filename>
	<path>/my-project-name/img_igtnpbwier_train_orange.jpg</path>
	<source>
		<database>Unspecified</database>
	</source>
	<size>
		<width>1024</width>
		<height>768</height>
		<depth>3</depth>
	</size>
	<object>
		<name>orange</name>
		<pose>Unspecified</pose>
		<truncated>0</truncated>
		<difficult>0</difficult>
		<bndbox>
			<xmin>9</xmin>
			<ymin>339</ymin>
			<xmax>359</xmax>
			<ymax>705</ymax>
		</bndbox>
	</object>
	<object>
		<name>orange</name>
		<pose>Unspecified</pose>
		<truncated>0</truncated>
		<difficult>0</difficult>
		<bndbox>
			<xmin>0</xmin>
			<ymin>150</ymin>
			<xmax>227</xmax>
			<ymax>394</ymax>
		</bndbox>
	</object>
	<object>
		<name>orange</name>
		<pose>Unspecified</pose>
		<truncated>0</truncated>
		<difficult>0</difficult>
		<bndbox>
			<xmin>0</xmin>
			<ymin>0</ymin>
			<xmax>302</xmax>
			<ymax>196</ymax>
		</bndbox>
	</object>
</annotation>