<annotation>
	<folder>my-project-name</folder>
	<filename>img_pmsukzebpi_train_apple.jpg</filename>
	<path>/my-project-name/img_pmsukzebpi_train_apple.jpg</path>
	<source>
		<database>Unspecified</database>
	</source>
	<size>
		<width>510</width>
		<height>510</height>
		<depth>3</depth>
	</size>
	<object>
		<name>apple</name>
		<pose>Unspecified</pose>
		<truncated>0</truncated>
		<difficult>0</difficult>
		<bndbox>
			<xmin>70</xmin>
			<ymin>106</ymin>
			<xmax>452</xmax>
			<ymax>473</ymax>
		</bndbox>
	</object>
</annotation>