<annotation>
	<folder>my-project-name</folder>
	<filename>img_aqeonisfzo_train_orange.jpg</filename>
	<path>/my-project-name/img_aqeonisfzo_train_orange.jpg</path>
	<source>
		<database>Unspecified</database>
	</source>
	<size>
		<width>1000</width>
		<height>893</height>
		<depth>3</depth>
	</size>
	<object>
		<name>orange</name>
		<pose>Unspecified</pose>
		<truncated>0</truncated>
		<difficult>0</difficult>
		<bndbox>
			<xmin>72</xmin>
			<ymin>64</ymin>
			<xmax>905</xmax>
			<ymax>863</ymax>
		</bndbox>
	</object>
</annotation>