<annotation>
	<folder>my-project-name</folder>
	<filename>img_pfapucfxuo_train_apple.jpg</filename>
	<path>/my-project-name/img_pfapucfxuo_train_apple.jpg</path>
	<source>
		<database>Unspecified</database>
	</source>
	<size>
		<width>848</width>
		<height>888</height>
		<depth>3</depth>
	</size>
	<object>
		<name>apple</name>
		<pose>Unspecified</pose>
		<truncated>0</truncated>
		<difficult>0</difficult>
		<bndbox>
			<xmin>48</xmin>
			<ymin>14</ymin>
			<xmax>835</xmax>
			<ymax>888</ymax>
		</bndbox>
	</object>
</annotation>