<annotation>
	<folder>my-project-name</folder>
	<filename>img_ynjsjvczpj_train_apple.jpg</filename>
	<path>/my-project-name/img_ynjsjvczpj_train_apple.jpg</path>
	<source>
		<database>Unspecified</database>
	</source>
	<size>
		<width>700</width>
		<height>700</height>
		<depth>3</depth>
	</size>
	<object>
		<name>apple</name>
		<pose>Unspecified</pose>
		<truncated>0</truncated>
		<difficult>0</difficult>
		<bndbox>
			<xmin>26</xmin>
			<ymin>102</ymin>
			<xmax>477</xmax>
			<ymax>594</ymax>
		</bndbox>
	</object>
	<object>
		<name>apple</name>
		<pose>Unspecified</pose>
		<truncated>0</truncated>
		<difficult>0</difficult>
		<bndbox>
			<xmin>235</xmin>
			<ymin>49</ymin>
			<xmax>663</xmax>
			<ymax>599</ymax>
		</bndbox>
	</object>
</annotation>