<annotation>
	<folder>my-project-name</folder>
	<filename>img_aoamehojht_train_apple.jpg</filename>
	<path>/my-project-name/img_aoamehojht_train_apple.jpg</path>
	<source>
		<database>Unspecified</database>
	</source>
	<size>
		<width>2048</width>
		<height>1352</height>
		<depth>3</depth>
	</size>
	<object>
		<name>apple</name>
		<pose>Unspecified</pose>
		<truncated>0</truncated>
		<difficult>0</difficult>
		<bndbox>
			<xmin>608</xmin>
			<ymin>472</ymin>
			<xmax>1213</xmax>
			<ymax>1204</ymax>
		</bndbox>
	</object>
	<object>
		<name>apple</name>
		<pose>Unspecified</pose>
		<truncated>0</truncated>
		<difficult>0</difficult>
		<bndbox>
			<xmin>1194</xmin>
			<ymin>297</ymin>
			<xmax>1952</xmax>
			<ymax>1061</ymax>
		</bndbox>
	</object>
</annotation>