<annotation>
	<folder>my-project-name</folder>
	<filename>img_rosrgrmypm_train_orange.jpg</filename>
	<path>/my-project-name/img_rosrgrmypm_train_orange.jpg</path>
	<source>
		<database>Unspecified</database>
	</source>
	<size>
		<width>1000</width>
		<height>667</height>
		<depth>3</depth>
	</size>
	<object>
		<name>orange</name>
		<pose>Unspecified</pose>
		<truncated>0</truncated>
		<difficult>0</difficult>
		<bndbox>
			<xmin>340</xmin>
			<ymin>138</ymin>
			<xmax>656</xmax>
			<ymax>491</ymax>
		</bndbox>
	</object>
</annotation>