<annotation>
	<folder>my-project-name</folder>
	<filename>img_zpwscjlpsw_train_orange.jpg</filename>
	<path>/my-project-name/img_zpwscjlpsw_train_orange.jpg</path>
	<source>
		<database>Unspecified</database>
	</source>
	<size>
		<width>502</width>
		<height>343</height>
		<depth>3</depth>
	</size>
	<object>
		<name>orange</name>
		<pose>Unspecified</pose>
		<truncated>0</truncated>
		<difficult>0</difficult>
		<bndbox>
			<xmin>30</xmin>
			<ymin>35</ymin>
			<xmax>309</xmax>
			<ymax>320</ymax>
		</bndbox>
	</object>
	<object>
		<name>orange</name>
		<pose>Unspecified</pose>
		<truncated>0</truncated>
		<difficult>0</difficult>
		<bndbox>
			<xmin>103</xmin>
			<ymin>133</ymin>
			<xmax>330</xmax>
			<ymax>326</ymax>
		</bndbox>
	</object>
	<object>
		<name>orange</name>
		<pose>Unspecified</pose>
		<truncated>0</truncated>
		<difficult>0</difficult>
		<bndbox>
			<xmin>219</xmin>
			<ymin>66</ymin>
			<xmax>434</xmax>
			<ymax>307</ymax>
		</bndbox>
	</object>
</annotation>