<annotation>
	<folder>my-project-name</folder>
	<filename>img_krvmomgmpi_train_apple.jpg</filename>
	<path>/my-project-name/img_krvmomgmpi_train_apple.jpg</path>
	<source>
		<database>Unspecified</database>
	</source>
	<size>
		<width>1024</width>
		<height>683</height>
		<depth>3</depth>
	</size>
	<object>
		<name>apple</name>
		<pose>Unspecified</pose>
		<truncated>0</truncated>
		<difficult>0</difficult>
		<bndbox>
			<xmin>288</xmin>
			<ymin>49</ymin>
			<xmax>632</xmax>
			<ymax>406</ymax>
		</bndbox>
	</object>
	<object>
		<name>apple</name>
		<pose>Unspecified</pose>
		<truncated>0</truncated>
		<difficult>0</difficult>
		<bndbox>
			<xmin>339</xmin>
			<ymin>331</ymin>
			<xmax>746</xmax>
			<ymax>673</ymax>
		</bndbox>
	</object>
	<object>
		<name>apple</name>
		<pose>Unspecified</pose>
		<truncated>0</truncated>
		<difficult>0</difficult>
		<bndbox>
			<xmin>152</xmin>
			<ymin>229</ymin>
			<xmax>426</xmax>
			<ymax>518</ymax>
		</bndbox>
	</object>
	<object>
		<name>apple</name>
		<pose>Unspecified</pose>
		<truncated>0</truncated>
		<difficult>0</difficult>
		<bndbox>
			<xmin>561</xmin>
			<ymin>127</ymin>
			<xmax>901</xmax>
			<ymax>479</ymax>
		</bndbox>
	</object>
</annotation>