<annotation>
	<folder>my-project-name</folder>
	<filename>img_nxztqntftg_train_orange.jpg</filename>
	<path>/my-project-name/img_nxztqntftg_train_orange.jpg</path>
	<source>
		<database>Unspecified</database>
	</source>
	<size>
		<width>800</width>
		<height>583</height>
		<depth>3</depth>
	</size>
	<object>
		<name>orange</name>
		<pose>Unspecified</pose>
		<truncated>0</truncated>
		<difficult>0</difficult>
		<bndbox>
			<xmin>42</xmin>
			<ymin>38</ymin>
			<xmax>504</xmax>
			<ymax>432</ymax>
		</bndbox>
	</object>
	<object>
		<name>orange</name>
		<pose>Unspecified</pose>
		<truncated>0</truncated>
		<difficult>0</difficult>
		<bndbox>
			<xmin>227</xmin>
			<ymin>282</ymin>
			<xmax>566</xmax>
			<ymax>536</ymax>
		</bndbox>
	</object>
	<object>
		<name>orange</name>
		<pose>Unspecified</pose>
		<truncated>0</truncated>
		<difficult>0</difficult>
		<bndbox>
			<xmin>437</xmin>
			<ymin>173</ymin>
			<xmax>775</xmax>
			<ymax>540</ymax>
		</bndbox>
	</object>
</annotation>