<annotation>
	<folder>my-project-name</folder>
	<filename>img_rjsdbzazey_train_orange.jpg</filename>
	<path>/my-project-name/img_rjsdbzazey_train_orange.jpg</path>
	<source>
		<database>Unspecified</database>
	</source>
	<size>
		<width>1200</width>
		<height>800</height>
		<depth>3</depth>
	</size>
	<object>
		<name>orange</name>
		<pose>Unspecified</pose>
		<truncated>0</truncated>
		<difficult>0</difficult>
		<bndbox>
			<xmin>65</xmin>
			<ymin>48</ymin>
			<xmax>600</xmax>
			<ymax>612</ymax>
		</bndbox>
	</object>
	<object>
		<name>orange</name>
		<pose>Unspecified</pose>
		<truncated>0</truncated>
		<difficult>0</difficult>
		<bndbox>
			<xmin>533</xmin>
			<ymin>11</ymin>
			<xmax>1130</xmax>
			<ymax>628</ymax>
		</bndbox>
	</object>
</annotation>