<annotation>
	<folder>my-project-name</folder>
	<filename>img_ufzxymwgmb_train_orange.jpg</filename>
	<path>/my-project-name/img_ufzxymwgmb_train_orange.jpg</path>
	<source>
		<database>Unspecified</database>
	</source>
	<size>
		<width>685</width>
		<height>1024</height>
		<depth>3</depth>
	</size>
	<object>
		<name>orange</name>
		<pose>Unspecified</pose>
		<truncated>0</truncated>
		<difficult>0</difficult>
		<bndbox>
			<xmin>101</xmin>
			<ymin>648</ymin>
			<xmax>563</xmax>
			<ymax>985</ymax>
		</bndbox>
	</object>
	<object>
		<name>orange</name>
		<pose>Unspecified</pose>
		<truncated>0</truncated>
		<difficult>0</difficult>
		<bndbox>
			<xmin>40</xmin>
			<ymin>470</ymin>
			<xmax>422</xmax>
			<ymax>758</ymax>
		</bndbox>
	</object>
	<object>
		<name>orange</name>
		<pose>Unspecified</pose>
		<truncated>0</truncated>
		<difficult>0</difficult>
		<bndbox>
			<xmin>65</xmin>
			<ymin>211</ymin>
			<xmax>498</xmax>
			<ymax>617</ymax>
		</bndbox>
	</object>
</annotation>