<annotation>
	<folder>my-project-name</folder>
	<filename>img_ehkutpjdzl_train_orange.jpg</filename>
	<path>/my-project-name/img_ehkutpjdzl_train_orange.jpg</path>
	<source>
		<database>Unspecified</database>
	</source>
	<size>
		<width>688</width>
		<height>1024</height>
		<depth>3</depth>
	</size>
	<object>
		<name>orange</name>
		<pose>Unspecified</pose>
		<truncated>0</truncated>
		<difficult>0</difficult>
		<bndbox>
			<xmin>328</xmin>
			<ymin>333</ymin>
			<xmax>630</xmax>
			<ymax>756</ymax>
		</bndbox>
	</object>
	<object>
		<name>orange</name>
		<pose>Unspecified</pose>
		<truncated>0</truncated>
		<difficult>0</difficult>
		<bndbox>
			<xmin>0</xmin>
			<ymin>309</ymin>
			<xmax>270</xmax>
			<ymax>695</ymax>
		</bndbox>
	</object>
	<object>
		<name>orange</name>
		<pose>Unspecified</pose>
		<truncated>0</truncated>
		<difficult>0</difficult>
		<bndbox>
			<xmin>37</xmin>
			<ymin>0</ymin>
			<xmax>458</xmax>
			<ymax>315</ymax>
		</bndbox>
	</object>
	<object>
		<name>orange</name>
		<pose>Unspecified</pose>
		<truncated>0</truncated>
		<difficult>0</difficult>
		<bndbox>
			<xmin>0</xmin>
			<ymin>740</ymin>
			<xmax>328</xmax>
			<ymax>1020</ymax>
		</bndbox>
	</object>
</annotation>