<annotation>
	<folder>my-project-name</folder>
	<filename>img_bvoytuwcxn_train_orange.jpg</filename>
	<path>/my-project-name/img_bvoytuwcxn_train_orange.jpg</path>
	<source>
		<database>Unspecified</database>
	</source>
	<size>
		<width>767</width>
		<height>1024</height>
		<depth>3</depth>
	</size>
	<object>
		<name>orange</name>
		<pose>Unspecified</pose>
		<truncated>0</truncated>
		<difficult>0</difficult>
		<bndbox>
			<xmin>103</xmin>
			<ymin>313</ymin>
			<xmax>767</xmax>
			<ymax>1024</ymax>
		</bndbox>
	</object>
</annotation>