<annotation>
	<folder>my-project-name</folder>
	<filename>img_uoebsxzucv_train_orange.jpg</filename>
	<path>/my-project-name/img_uoebsxzucv_train_orange.jpg</path>
	<source>
		<database>Unspecified</database>
	</source>
	<size>
		<width>416</width>
		<height>416</height>
		<depth>3</depth>
	</size>
	<object>
		<name>orange</name>
		<pose>Unspecified</pose>
		<truncated>0</truncated>
		<difficult>0</difficult>
		<bndbox>
			<xmin>37</xmin>
			<ymin>22</ymin>
			<xmax>385</xmax>
			<ymax>370</ymax>
		</bndbox>
	</object>
</annotation>