<annotation>
	<folder>my-project-name</folder>
	<filename>img_saqpekthvj_train_orange.jpg</filename>
	<path>/my-project-name/img_saqpekthvj_train_orange.jpg</path>
	<source>
		<database>Unspecified</database>
	</source>
	<size>
		<width>1024</width>
		<height>764</height>
		<depth>3</depth>
	</size>
	<object>
		<name>orange</name>
		<pose>Unspecified</pose>
		<truncated>0</truncated>
		<difficult>0</difficult>
		<bndbox>
			<xmin>517</xmin>
			<ymin>95</ymin>
			<xmax>1024</xmax>
			<ymax>605</ymax>
		</bndbox>
	</object>
	<object>
		<name>orange</name>
		<pose>Unspecified</pose>
		<truncated>0</truncated>
		<difficult>0</difficult>
		<bndbox>
			<xmin>170</xmin>
			<ymin>479</ymin>
			<xmax>567</xmax>
			<ymax>750</ymax>
		</bndbox>
	</object>
</annotation>