<annotation>
	<folder>my-project-name</folder>
	<filename>img_sjvkofsoth_train_apple.jpg</filename>
	<path>/my-project-name/img_sjvkofsoth_train_apple.jpg</path>
	<source>
		<database>Unspecified</database>
	</source>
	<size>
		<width>749</width>
		<height>480</height>
		<depth>3</depth>
	</size>
	<object>
		<name>apple</name>
		<pose>Unspecified</pose>
		<truncated>0</truncated>
		<difficult>0</difficult>
		<bndbox>
			<xmin>351</xmin>
			<ymin>85</ymin>
			<xmax>693</xmax>
			<ymax>446</ymax>
		</bndbox>
	</object>
</annotation>