<annotation>
	<folder>my-project-name</folder>
	<filename>img_zlhhhtoclp_train_orange.jpg</filename>
	<path>/my-project-name/img_zlhhhtoclp_train_orange.jpg</path>
	<source>
		<database>Unspecified</database>
	</source>
	<size>
		<width>1024</width>
		<height>764</height>
		<depth>3</depth>
	</size>
	<object>
		<name>orange</name>
		<pose>Unspecified</pose>
		<truncated>0</truncated>
		<difficult>0</difficult>
		<bndbox>
			<xmin>3</xmin>
			<ymin>0</ymin>
			<xmax>555</xmax>
			<ymax>432</ymax>
		</bndbox>
	</object>
</annotation>