<annotation>
	<folder>my-project-name</folder>
	<filename>img_mhujorpfwo_train_orange.jpg</filename>
	<path>/my-project-name/img_mhujorpfwo_train_orange.jpg</path>
	<source>
		<database>Unspecified</database>
	</source>
	<size>
		<width>1500</width>
		<height>996</height>
		<depth>3</depth>
	</size>
	<object>
		<name>orange</name>
		<pose>Unspecified</pose>
		<truncated>0</truncated>
		<difficult>0</difficult>
		<bndbox>
			<xmin>130</xmin>
			<ymin>384</ymin>
			<xmax>706</xmax>
			<ymax>781</ymax>
		</bndbox>
	</object>
	<object>
		<name>orange</name>
		<pose>Unspecified</pose>
		<truncated>0</truncated>
		<difficult>0</difficult>
		<bndbox>
			<xmin>615</xmin>
			<ymin>354</ymin>
			<xmax>1108</xmax>
			<ymax>779</ymax>
		</bndbox>
	</object>
	<object>
		<name>orange</name>
		<pose>Unspecified</pose>
		<truncated>0</truncated>
		<difficult>0</difficult>
		<bndbox>
			<xmin>778</xmin>
			<ymin>105</ymin>
			<xmax>1221</xmax>
			<ymax>483</ymax>
		</bndbox>
	</object>
	<object>
		<name>orange</name>
		<pose>Unspecified</pose>
		<truncated>0</truncated>
		<difficult>0</difficult>
		<bndbox>
			<xmin>86</xmin>
			<ymin>14</ymin>
			<xmax>921</xmax>
			<ymax>529</ymax>
		</bndbox>
	</object>
	<object>
		<name>orange</name>
		<pose>Unspecified</pose>
		<truncated>0</truncated>
		<difficult>0</difficult>
		<bndbox>
			<xmin>181</xmin>
			<ymin>0</ymin>
			<xmax>1332</xmax>
			<ymax>934</ymax>
		</bndbox>
	</object>
</annotation>