<annotation>
	<folder>my-project-name</folder>
	<filename>img_gzxygrfhyc_train_orange.jpg</filename>
	<path>/my-project-name/img_gzxygrfhyc_train_orange.jpg</path>
	<source>
		<database>Unspecified</database>
	</source>
	<size>
		<width>511</width>
		<height>340</height>
		<depth>3</depth>
	</size>
	<object>
		<name>orange</name>
		<pose>Unspecified</pose>
		<truncated>0</truncated>
		<difficult>0</difficult>
		<bndbox>
			<xmin>156</xmin>
			<ymin>58</ymin>
			<xmax>320</xmax>
			<ymax>196</ymax>
		</bndbox>
	</object>
	<object>
		<name>orange</name>
		<pose>Unspecified</pose>
		<truncated>0</truncated>
		<difficult>0</difficult>
		<bndbox>
			<xmin>122</xmin>
			<ymin>170</ymin>
			<xmax>283</xmax>
			<ymax>323</ymax>
		</bndbox>
	</object>
	<object>
		<name>orange</name>
		<pose>Unspecified</pose>
		<truncated>0</truncated>
		<difficult>0</difficult>
		<bndbox>
			<xmin>262</xmin>
			<ymin>146</ymin>
			<xmax>399</xmax>
			<ymax>297</ymax>
		</bndbox>
	</object>
</annotation>