<annotation>
	<folder>my-project-name</folder>
	<filename>img_xlkdbylwez_train_orange.jpg</filename>
	<path>/my-project-name/img_xlkdbylwez_train_orange.jpg</path>
	<source>
		<database>Unspecified</database>
	</source>
	<size>
		<width>640</width>
		<height>425</height>
		<depth>3</depth>
	</size>
	<object>
		<name>orange</name>
		<pose>Unspecified</pose>
		<truncated>0</truncated>
		<difficult>0</difficult>
		<bndbox>
			<xmin>116</xmin>
			<ymin>103</ymin>
			<xmax>434</xmax>
			<ymax>399</ymax>
		</bndbox>
	</object>
</annotation>