<annotation>
	<folder>my-project-name</folder>
	<filename>img_eisgritgla_train_orange.jpg</filename>
	<path>/my-project-name/img_eisgritgla_train_orange.jpg</path>
	<source>
		<database>Unspecified</database>
	</source>
	<size>
		<width>768</width>
		<height>768</height>
		<depth>3</depth>
	</size>
	<object>
		<name>orange</name>
		<pose>Unspecified</pose>
		<truncated>0</truncated>
		<difficult>0</difficult>
		<bndbox>
			<xmin>188</xmin>
			<ymin>382</ymin>
			<xmax>672</xmax>
			<ymax>768</ymax>
		</bndbox>
	</object>
	<object>
		<name>orange</name>
		<pose>Unspecified</pose>
		<truncated>0</truncated>
		<difficult>0</difficult>
		<bndbox>
			<xmin>134</xmin>
			<ymin>18</ymin>
			<xmax>586</xmax>
			<ymax>426</ymax>
		</bndbox>
	</object>
</annotation>