<annotation>
	<folder>my-project-name</folder>
	<filename>img_sasgbpglqo_train_apple.jpg</filename>
	<path>/my-project-name/img_sasgbpglqo_train_apple.jpg</path>
	<source>
		<database>Unspecified</database>
	</source>
	<size>
		<width>4288</width>
		<height>2848</height>
		<depth>3</depth>
	</size>
	<object>
		<name>apple</name>
		<pose>Unspecified</pose>
		<truncated>0</truncated>
		<difficult>0</difficult>
		<bndbox>
			<xmin>376</xmin>
			<ymin>40</ymin>
			<xmax>2946</xmax>
			<ymax>2689</ymax>
		</bndbox>
	</object>
</annotation>