<annotation>
	<folder>my-project-name</folder>
	<filename>img_hlbyxszwmj_train_orange.jpg</filename>
	<path>/my-project-name/img_hlbyxszwmj_train_orange.jpg</path>
	<source>
		<database>Unspecified</database>
	</source>
	<size>
		<width>1024</width>
		<height>683</height>
		<depth>3</depth>
	</size>
	<object>
		<name>orange</name>
		<pose>Unspecified</pose>
		<truncated>0</truncated>
		<difficult>0</difficult>
		<bndbox>
			<xmin>179</xmin>
			<ymin>308</ymin>
			<xmax>973</xmax>
			<ymax>683</ymax>
		</bndbox>
	</object>
	<object>
		<name>orange</name>
		<pose>Unspecified</pose>
		<truncated>0</truncated>
		<difficult>0</difficult>
		<bndbox>
			<xmin>412</xmin>
			<ymin>3</ymin>
			<xmax>1024</xmax>
			<ymax>588</ymax>
		</bndbox>
	</object>
	<object>
		<name>orange</name>
		<pose>Unspecified</pose>
		<truncated>0</truncated>
		<difficult>0</difficult>
		<bndbox>
			<xmin>2</xmin>
			<ymin>74</ymin>
			<xmax>460</xmax>
			<ymax>664</ymax>
		</bndbox>
	</object>
</annotation>