<annotation>
	<folder>my-project-name</folder>
	<filename>img_indgdhlxbi_train_orange.jpg</filename>
	<path>/my-project-name/img_indgdhlxbi_train_orange.jpg</path>
	<source>
		<database>Unspecified</database>
	</source>
	<size>
		<width>800</width>
		<height>550</height>
		<depth>3</depth>
	</size>
	<object>
		<name>orange</name>
		<pose>Unspecified</pose>
		<truncated>0</truncated>
		<difficult>0</difficult>
		<bndbox>
			<xmin>264</xmin>
			<ymin>104</ymin>
			<xmax>660</xmax>
			<ymax>476</ymax>
		</bndbox>
	</object>
	<object>
		<name>orange</name>
		<pose>Unspecified</pose>
		<truncated>0</truncated>
		<difficult>0</difficult>
		<bndbox>
			<xmin>18</xmin>
			<ymin>224</ymin>
			<xmax>427</xmax>
			<ymax>514</ymax>
		</bndbox>
	</object>
	<object>
		<name>orange</name>
		<pose>Unspecified</pose>
		<truncated>0</truncated>
		<difficult>0</difficult>
		<bndbox>
			<xmin>79</xmin>
			<ymin>71</ymin>
			<xmax>460</xmax>
			<ymax>330</ymax>
		</bndbox>
	</object>
	<object>
		<name>orange</name>
		<pose>Unspecified</pose>
		<truncated>0</truncated>
		<difficult>0</difficult>
		<bndbox>
			<xmin>435</xmin>
			<ymin>2</ymin>
			<xmax>760</xmax>
			<ymax>441</ymax>
		</bndbox>
	</object>
</annotation>